>,<=,Rating is,Spread is
12.5,100000,Aaa/AAA,0.69%
9.5,12.499999,Aa2/AA,0.85%
7.5,9.499999,A1/A+,1.07%
6,7.499999,A2/A,1.18%
4.5,5.999999,A3/A-,1.33%
4,4.499999,Baa2/BBB,1.71%
3.5,3.9999999,Ba1/BB+,2.31%
3,3.499999,Ba2/BB,2.77%
2.5,2.999999,B1/B+,4.05%
2,2.499999,B2/B,4.86%
1.5,1.999999,B3/B-,5.94%
1.25,1.499999,Caa/CCC,9.46%
0.8,1.249999,Ca2/CC,9.97%
0.5,0.799999,C2/C,13.09%
-100000,0.499999,D2/D,17.44%
